{"cameraMode":{"drawMode":0,"name":"Shaded","section":"Shading Mode"},"sceneLighting":true,"audioPlay":false,"sceneViewState":{"m_AlwaysRefresh":false,"showFog":true,"showSkybox":true,"showFlares":true,"showImageEffects":true,"showParticleSystems":true,"showVisualEffectGraphs":true,"m_FxEnabled":true},"in2DMode":false,"pivot":{"x":0.9412972927093506,"y":3.471508307484328e-7,"z":-2.9121124744415285},"rotation":{"x":0.1200929582118988,"y":0.6782873272895813,"z":-0.11378215253353119,"w":0.7159382700920105},"size":10.469962120056153,"orthographic":false}